TYPE,DESCRIPTION,JURISDICTION,WEB_ADDRESS,STREET_NUMBER,STREET_NAME,CITY,ZIP,PHONE
HOSP,DOMINION HOSPITAL,COUNTY OF FAIRFAX,https://hcavirginia.com/locations/dominion/,2960,SLEEPY HOLLOW RD,FALLS CHURCH,22044,(703) 536-2000
HOSP,INOVA FAIRFAX HOSPITAL,COUNTY OF FAIRFAX,https://www.inova.org/locations/inova-fairfax-medical-campus,3300,GALLOWS RD,FAIRFAX,22042,(703) 776-4001
HOSP,INOVA EMERGENCY CARE CENTER - FAIRFAX,CITY OF FAIRFAX,https://www.inova.org/locations/inova-emergency-room-fairfax-city,4315,CHAIN BRIDGE RD,FAIRFAX,22030,(703) 877-8200
HOSP,INOVA ALEXANDRIA HOSPITAL,CITY OF ALEXANDRIA,https://www.inova.org/locations/inova-alexandria-hospital,4320,SEMINARY RD,ALEXANDRIA,22304,(703) 504-3000
UC,WALK IN MEDICAL CARE - BURKE,COUNTY OF FAIRFAX,http://www.justwalkinmedicalcare.com/locations/burke/,6045,BURKE CENTRE PKWY,BURKE,22015,(703) 239-0300
HOSP,FORT BELVOIR COMMUNITY HOSPITAL,FORT BELVOIR,https://tricare.mil/mtf/BelvoirHospital,9300,DEWITT LOOP,FORT BELVOIR,22060,(571) 231-3224
UC,DOMINION URGENT CARE,COUNTY OF FAIRFAX,https://www.dominionurgentcare.com/,6370,SPRINGFIELD PLZ,SPRINGFIELD,22150,(703) 569-7554
