TYPE,DESCRIPTION,JURISDICTION,WEB_ADDRESS,STREET_NUMBER,STREET_NAME,CITY,ZIP,PHONE
HOSP,RESTON HOSPITAL CENTER,COUNTY OF FAIRFAX,https://hcavirginia.com/locations/reston-hospital-center/,1850,TOWN CENTER PKWY,RESTON,22101,(703) 689-9000
UC,CENTREVILLE URGENT CARE,COUNTY OF FAIRFAX,http://www.centrevilleurgentcare.com/home.html,14001A,SAINT GERMAIN DR,CENTREVILLE,20121,(703) 830-8113
UC,VIRGINIA HOSPITAL CENTER URGENT CARE,FAIRFAX,https://www.virginiahospitalcenter.com/medical-services/immediate-care/,764,S 23RD ST,ARLINGTON,22310,(703) 717-7000
HOSP,DOMINION HOSPITAL,COUNTY OF FAIRFAX,https://hcavirginia.com/locations/dominion/,2960,SLEEPY HOLLOW RD,FALLS CHURCH,22306,(703) 536-2000
HOSP,INOVA FAIRFAX HOSPITAL,COUNTY OF FAIRFAX,https://www.inova.org/locations/inova-fairfax-medical-campus,3300,GALLOWS RD,FAIRFAX,22306,(703) 776-4001
