TYPE,DESCRIPTION,JURISDICTION,WEB_ADDRESS,STREET_NUMBER,STREET_NAME,CITY,ZIP,PHONE
UC,VUPC URGENT CARE,COUNTY OF FAIRFAX,http://www.vupchealth.com/,5501,BACKLICK RD,SPRINGFIELD,22151,(703) 564-5998
UC,ALLCARE FAMILY MEDICINE & URGENT CARE - LORTON,COUNTY OF FAIRFAX,https://allcarefamilymed.com/lorton-va,7740,GUNSTON PLZ,LORTON,22079,(703) 339-5858
HOSP,INOVA EMERGENCY ROOM - FRANCONIA/SPRINGFIELD,COUNTY OF FAIRFAX,https://www.inova.org/locations/inova-emergency-room-healthplex-franconiaspringfield,6355,WALKER LN,ALEXANDRIA,22310,(703) 797-6800
HOSP,INOVA HEALTHPLEX LORTON,COUNTY OF FAIRFAX,https://www.inova.org/locations/inova-healthplex-lorton,9321,SANGER ST,LORTON,22079,(703) 982-8400
UC,CARENOW URGENT CARE - CENTREVILLE,COUNTY OF FAIRFAX,https://www.carenow.com/locations/northern-virginia/centreville/,4995,WESTONE PLZ,CHANTILLY,20151,(571) 441-3980
UC,CARENOW URGENT CARE - CHANTILLY,COUNTY OF FAIRFAX,https://www.carenow.com/locations/northern-virginia/chantilly/,3456,HISTORIC SULLY WAY,CHANTILLY,20151,(703) 435 3838
