PREC_NAME,DISTRICT,POLLING_PLACE,ADDRESS,CITY,ZIP,,,,,,
KINGSTOWNE,Lee,Hayfield Secondary School,7630 Telegraph Rd,Alexandria,22315,,,,,,
CRESTWOOD,Lee,Crestwood Elementary School,6010 Hanover Ave,Springfield,22150,,,,,,
CARDINAL,Braddock,Cardinal Forest Elementary School,8600 Forrester Blvd,Springfield,22152,,,,,,
BREN MAR,Mason,Bren Mar Park Elementary School,6344 Beryl Rd,Alexandria,22312,,,,,,
ROBINSON,Braddock,Robinson Secondary School,5035 Sideburn Rd,Fairfax,22032,,,,,, 
BROOK HILL,Mason,Poe Middle School,7000 Cindy Ln,Annandale,22003,,,,,,
